DELETE FROM CONTACT_GROUP_CONTACT;
DELETE FROM CONTACT_GROUP;
DELETE FROM CONTACT;
DELETE FROM ADDRESS;
DELETE FROM COUNTRY;

INSERT INTO COUNTRY(ID, NAME, ISO_CODE) VALUES(1, 'Afghanistan','AFG');
INSERT INTO COUNTRY(ID, NAME, ISO_CODE) VALUES(2, 'Argentina','ARG');
INSERT INTO COUNTRY(ID, NAME, ISO_CODE) VALUES(3, 'Czech republic', 'CZE');
INSERT INTO COUNTRY(ID, NAME, ISO_CODE) VALUES(4, 'Slovakia', 'Svk');
INSERT INTO COUNTRY(ID, NAME, ISO_CODE) VALUES(5, 'Yemen', 'YEM');

INSERT INTO ADDRESS(ID, STREET, STREET_NUMBER, CITY, ZIP_CODE, COUNTRY_ID) VALUES(1, 'Ceska', '7', 'Brno', '60200', 3);
INSERT INTO ADDRESS(ID, STREET, STREET_NUMBER, CITY, ZIP_CODE, COUNTRY_ID) VALUES(2, 'Bratislavska', '19', 'Trencin', '01965', 4);
INSERT INTO ADDRESS(ID, STREET, STREET_NUMBER, CITY, ZIP_CODE, COUNTRY_ID) VALUES(3, 'Uhlyu', '89', 'Kabul', '08743', 1);
INSERT INTO ADDRESS(ID, STREET, STREET_NUMBER, CITY, ZIP_CODE, COUNTRY_ID) VALUES(4, 'Pasco', '2', 'Buenos Aires', '39888', 2);

INSERT INTO CONTACT(ID, TYPE, FIRSTNAME, SURNAME, COMPANY_NAME, COMPANY_ID, VAT_ID, PHONE_NUMBER, EMAIL, ADDRESS_ID) VALUES(1, 'PERSON', 'Jan', 'Novak', NULL, NULL, NULL, '+420000000000', 'jan.novak@noexistdomain.cz', 1);
INSERT INTO CONTACT(ID, TYPE, FIRSTNAME, SURNAME, COMPANY_NAME, COMPANY_ID, VAT_ID, PHONE_NUMBER, EMAIL, ADDRESS_ID) VALUES(2, 'PERSON', 'Jozko', 'Mrkvicka', NULL, NULL, NULL, '+421999999999', 'jozko.mrkvicka@noexistdomain.sk', 2);
INSERT INTO CONTACT(ID, TYPE, FIRSTNAME, SURNAME, COMPANY_NAME, COMPANY_ID, VAT_ID, PHONE_NUMBER, EMAIL, ADDRESS_ID) VALUES(3, 'COMPANY', NULL, NULL, 'AFG Mail', '999887', 'AF999887', '+660987643234', 'info22@afgmail.com', 3);
INSERT INTO CONTACT(ID, TYPE, FIRSTNAME, SURNAME, COMPANY_NAME, COMPANY_ID, VAT_ID, PHONE_NUMBER, EMAIL, ADDRESS_ID) VALUES(4, 'COMPANY', NULL, NULL, 'AR Mail Comp', '3248765', 'AR3248765', '+897987699879', 'info22@argmail.com', 4);

INSERT INTO CONTACT_GROUP(ID, NAME) VALUES(1, 'PERSONS');
INSERT INTO CONTACT_GROUP(ID, NAME) VALUES(2, 'COMPANIES');

INSERT INTO CONTACT_GROUP_CONTACT(CONTACT_GROUP_ID,CONTACT_ID) VALUES(1, 1);
INSERT INTO CONTACT_GROUP_CONTACT(CONTACT_GROUP_ID,CONTACT_ID) VALUES(1, 2);
INSERT INTO CONTACT_GROUP_CONTACT(CONTACT_GROUP_ID,CONTACT_ID) VALUES(2, 3);
INSERT INTO CONTACT_GROUP_CONTACT(CONTACT_GROUP_ID,CONTACT_ID) VALUES(2, 4);